{"cameraMode":{"drawMode":0,"name":"Shaded","section":"Shading Mode"},"sceneLighting":false,"audioPlay":false,"sceneViewState":{"showFog":true,"showMaterialUpdate":false,"showSkybox":false,"showFlares":true,"showImageEffects":true,"showParticleSystems":true},"in2DMode":false,"pivot":{"x":-1.5626885890960694,"y":0.25400280952453616,"z":-1.562670350074768},"rotation":{"x":0.27768945693969729,"y":-0.5352160334587097,"z":0.19207800924777986,"w":0.7743624448776245},"size":2.6557295322418215,"orthographic":false}