{"cameraMode":{"drawMode":0,"name":"Shaded","section":"Shading Mode"},"sceneLighting":true,"audioPlay":false,"sceneViewState":{"showFog":true,"showMaterialUpdate":false,"showSkybox":false,"showFlares":true,"showImageEffects":true,"showParticleSystems":true},"in2DMode":false,"pivot":{"x":-0.43030548095703127,"y":-10.300694465637207,"z":2.0103228092193605},"rotation":{"x":0.35370635986328127,"y":-0.5674912333488464,"z":0.2939968407154083,"w":0.6830180287361145},"size":12.760153770446778,"orthographic":false}