{"cameraMode":{"drawMode":0,"name":"Shaded","section":"Shading Mode"},"sceneLighting":false,"audioPlay":false,"sceneViewState":{"showFog":true,"showMaterialUpdate":false,"showSkybox":false,"showFlares":true,"showImageEffects":true,"showParticleSystems":true},"in2DMode":false,"pivot":{"x":-0.1736454963684082,"y":-3.8454465866088869,"z":1.845505714416504},"rotation":{"x":-0.29967883229255679,"y":0.21008506417274476,"z":-0.06783123314380646,"w":-0.9281526207923889},"size":10.025954246520996,"orthographic":false}