{"cameraMode":{"drawMode":0,"name":"Shaded","section":"Shading Mode"},"sceneLighting":false,"audioPlay":false,"sceneViewState":{"showFog":true,"showMaterialUpdate":false,"showSkybox":false,"showFlares":true,"showImageEffects":true,"showParticleSystems":true},"in2DMode":false,"pivot":{"x":0.8694461584091187,"y":-12.569052696228028,"z":-17.43323516845703},"rotation":{"x":-0.004833666607737541,"y":-0.9418911933898926,"z":0.3356320559978485,"w":-0.013557124882936478},"size":18.90935516357422,"orthographic":false}