{"cameraMode":{"drawMode":0,"name":"Shaded","section":"Shading Mode"},"sceneLighting":false,"audioPlay":false,"sceneViewState":{"showFog":true,"showMaterialUpdate":false,"showSkybox":false,"showFlares":true,"showImageEffects":true,"showParticleSystems":true},"in2DMode":false,"pivot":{"x":-2.5197486877441408,"y":-2.1087541580200197,"z":-9.800561904907227},"rotation":{"x":-0.10858102887868881,"y":0.8386403322219849,"z":-0.18137753009796143,"w":-0.5020074844360352},"size":15.969194412231446,"orthographic":false}