{"cameraMode":{"drawMode":0,"name":"Shaded","section":"Shading Mode"},"sceneLighting":false,"audioPlay":false,"sceneViewState":{"showFog":true,"showMaterialUpdate":false,"showSkybox":false,"showFlares":true,"showImageEffects":true,"showParticleSystems":true},"in2DMode":false,"pivot":{"x":-2.8980026245117189,"y":5.00350284576416,"z":-10.046883583068848},"rotation":{"x":-0.20087836682796479,"y":0.5209346413612366,"z":-0.12765073776245118,"w":-0.8197547793388367},"size":8.408682823181153,"orthographic":false}