{"cameraMode":{"drawMode":0,"name":"Shaded","section":"Shading Mode"},"sceneLighting":true,"audioPlay":false,"sceneViewState":{"showFog":true,"showMaterialUpdate":false,"showSkybox":false,"showFlares":true,"showImageEffects":true,"showParticleSystems":true},"in2DMode":false,"pivot":{"x":2.4593467712402345,"y":7.968601226806641,"z":3.4617698192596437},"rotation":{"x":0.18189091980457307,"y":-0.7182332873344421,"z":0.20408998429775239,"w":0.6398965120315552},"size":7.740944862365723,"orthographic":false}