{"cameraMode":{"drawMode":0,"name":"Shaded","section":"Shading Mode"},"sceneLighting":true,"audioPlay":false,"sceneViewState":{"showFog":true,"showMaterialUpdate":false,"showSkybox":false,"showFlares":true,"showImageEffects":true,"showParticleSystems":true},"in2DMode":false,"pivot":{"x":1.0433387756347657,"y":-0.16606426239013673,"z":-4.840421199798584},"rotation":{"x":0.33931538462638857,"y":-0.46404677629470827,"z":0.19816984236240388,"w":0.7939533591270447},"size":7.9004058837890629,"orthographic":false}