{"cameraMode":{"drawMode":0,"name":"Shaded","section":"Shading Mode"},"sceneLighting":true,"audioPlay":false,"sceneViewState":{"showFog":true,"showMaterialUpdate":false,"showSkybox":false,"showFlares":true,"showImageEffects":true,"showParticleSystems":true},"in2DMode":false,"pivot":{"x":-3.045783519744873,"y":-23.285184860229493,"z":-15.386168479919434},"rotation":{"x":0.006778656970709562,"y":0.884709358215332,"z":-0.46601250767707827,"w":0.013012653216719628},"size":27.075153350830079,"orthographic":false}