{"cameraMode":{"drawMode":0,"name":"Shaded","section":"Shading Mode"},"sceneLighting":false,"audioPlay":false,"sceneViewState":{"showFog":true,"showMaterialUpdate":false,"showSkybox":false,"showFlares":true,"showImageEffects":true,"showParticleSystems":true},"in2DMode":false,"pivot":{"x":3.569873809814453,"y":-1.5850090980529786,"z":0.5565776824951172},"rotation":{"x":-0.29967883229255679,"y":0.21008506417274476,"z":-0.06783123314380646,"w":-0.9281526207923889},"size":6.3659892082214359,"orthographic":false}