{"cameraMode":{"drawMode":0,"name":"Shaded","section":"Shading Mode"},"sceneLighting":true,"audioPlay":false,"sceneViewState":{"showFog":true,"showMaterialUpdate":false,"showSkybox":false,"showFlares":true,"showImageEffects":true,"showParticleSystems":true},"in2DMode":false,"pivot":{"x":2.04790997505188,"y":6.534889221191406,"z":-0.2598719596862793},"rotation":{"x":0.4812048375606537,"y":0.17138762772083283,"z":-0.09654337912797928,"w":0.8542532920837402},"size":5.8663835525512699,"orthographic":false}