{"cameraMode":{"drawMode":0,"name":"Shaded","section":"Shading Mode"},"sceneLighting":true,"audioPlay":false,"sceneViewState":{"showFog":true,"showMaterialUpdate":false,"showSkybox":false,"showFlares":true,"showImageEffects":true,"showParticleSystems":true},"in2DMode":false,"pivot":{"x":-2.069272756576538,"y":2.6453933715820314,"z":0.20781612396240235},"rotation":{"x":-0.08275777101516724,"y":-0.8411115407943726,"z":0.5173167586326599,"w":-0.13464529812335969},"size":10.684165000915528,"orthographic":false}