{"cameraMode":{"drawMode":0,"name":"Shaded","section":"Shading Mode"},"sceneLighting":false,"audioPlay":false,"sceneViewState":{"showFog":true,"showMaterialUpdate":false,"showSkybox":false,"showFlares":true,"showImageEffects":true,"showParticleSystems":true},"in2DMode":false,"pivot":{"x":2.620814561843872,"y":-1.444807529449463,"z":1.4063730239868165},"rotation":{"x":-0.2159304916858673,"y":-0.11917419731616974,"z":0.02656586468219757,"w":-0.9687536954879761},"size":6.226431369781494,"orthographic":false}