{"cameraMode":{"drawMode":0,"name":"Shaded","section":"Shading Mode"},"sceneLighting":true,"audioPlay":false,"sceneViewState":{"showFog":true,"showMaterialUpdate":false,"showSkybox":false,"showFlares":true,"showImageEffects":true,"showParticleSystems":true},"in2DMode":false,"pivot":{"x":-0.0725424587726593,"y":0.2010352909564972,"z":0.06939923763275147},"rotation":{"x":0.11552514135837555,"y":-0.14252181351184846,"z":0.01675328053534031,"w":0.9828872084617615},"size":0.9186531901359558,"orthographic":false}