{"cameraMode":{"drawMode":0,"name":"Shaded","section":"Shading Mode"},"sceneLighting":true,"audioPlay":false,"sceneViewState":{"showFog":true,"showMaterialUpdate":false,"showSkybox":false,"showFlares":true,"showImageEffects":true,"showParticleSystems":true},"in2DMode":false,"pivot":{"x":0.21287310123443604,"y":1.7022428512573243,"z":-0.6573638916015625},"rotation":{"x":0.13455629348754884,"y":0.02229340188205242,"z":-0.0030280277132987978,"w":0.9906507134437561},"size":9.46527099609375,"orthographic":false}