{"cameraMode":{"drawMode":0,"name":"Shaded","section":"Shading Mode"},"sceneLighting":true,"audioPlay":false,"sceneViewState":{"showFog":true,"showMaterialUpdate":false,"showSkybox":false,"showFlares":true,"showImageEffects":true,"showParticleSystems":true},"in2DMode":false,"pivot":{"x":0.17877769470214845,"y":0.06796085834503174,"z":0.3215823769569397},"rotation":{"x":0.12231669574975968,"y":0.5680557489395142,"z":-0.08585119992494583,"w":0.8093100786209106},"size":1.237306833267212,"orthographic":false}