{"cameraMode":{"drawMode":0,"name":"Shaded","section":"Shading Mode"},"sceneLighting":false,"audioPlay":false,"sceneViewState":{"showFog":true,"showMaterialUpdate":false,"showSkybox":false,"showFlares":true,"showImageEffects":true,"showParticleSystems":true},"in2DMode":false,"pivot":{"x":3.400247573852539,"y":-14.681915283203125,"z":16.29234504699707},"rotation":{"x":0.33819347620010378,"y":0.004234645515680313,"z":-0.001522173173725605,"w":0.9410675764083862},"size":17.941646575927736,"orthographic":false}