{"cameraMode":{"drawMode":0,"name":"Shaded","section":"Shading Mode"},"sceneLighting":true,"audioPlay":false,"sceneViewState":{"showFog":true,"showMaterialUpdate":false,"showSkybox":false,"showFlares":true,"showImageEffects":true,"showParticleSystems":true},"in2DMode":false,"pivot":{"x":-0.11008596420288086,"y":-0.2685478925704956,"z":0.1852491796016693},"rotation":{"x":-0.1609664261341095,"y":0.7083941698074341,"z":-0.1713373064994812,"w":-0.6655158400535584},"size":2.447645664215088,"orthographic":false}