{"cameraMode":{"drawMode":0,"name":"Shaded","section":"Shading Mode"},"sceneLighting":true,"audioPlay":false,"sceneViewState":{"showFog":true,"showMaterialUpdate":false,"showSkybox":false,"showFlares":true,"showImageEffects":true,"showParticleSystems":true},"in2DMode":false,"pivot":{"x":-0.6398906707763672,"y":-3.8868331909179689,"z":4.961840629577637},"rotation":{"x":-0.29967883229255679,"y":0.21008506417274476,"z":-0.06783123314380646,"w":-0.9281526207923889},"size":8.654948234558106,"orthographic":false}