{"cameraMode":{"drawMode":0,"name":"Shaded","section":"Shading Mode"},"sceneLighting":true,"audioPlay":false,"sceneViewState":{"showFog":true,"showMaterialUpdate":false,"showSkybox":false,"showFlares":true,"showImageEffects":true,"showParticleSystems":true},"in2DMode":false,"pivot":{"x":-6.322524070739746,"y":-6.230417251586914,"z":2.6126489639282228},"rotation":{"x":0.3421821594238281,"y":-0.5880860686302185,"z":0.3013130724430084,"w":0.6681157946586609},"size":11.851837158203125,"orthographic":false}