{"cameraMode":{"drawMode":0,"name":"Shaded","section":"Shading Mode"},"sceneLighting":false,"audioPlay":false,"sceneViewState":{"showFog":true,"showMaterialUpdate":false,"showSkybox":false,"showFlares":true,"showImageEffects":true,"showParticleSystems":true},"in2DMode":false,"pivot":{"x":-10.62442398071289,"y":6.50343656539917,"z":0.23477697372436524},"rotation":{"x":-0.16828511655330659,"y":-0.8314918279647827,"z":0.3848668932914734,"w":-0.3635726571083069},"size":2.7136361598968508,"orthographic":false}