{"cameraMode":{"drawMode":0,"name":"Shaded","section":"Shading Mode"},"sceneLighting":true,"audioPlay":false,"sceneViewState":{"showFog":true,"showMaterialUpdate":false,"showSkybox":false,"showFlares":true,"showImageEffects":true,"showParticleSystems":true},"in2DMode":false,"pivot":{"x":0.5640119314193726,"y":0.058193206787109378,"z":0.5886750221252441},"rotation":{"x":-0.06005103513598442,"y":-0.9120598435401917,"z":0.3790748417377472,"w":-0.14458931982517243},"size":6.866368770599365,"orthographic":false}