{"cameraMode":{"drawMode":0,"name":"Shaded","section":"Shading Mode"},"sceneLighting":true,"audioPlay":false,"sceneViewState":{"showFog":true,"showMaterialUpdate":false,"showSkybox":false,"showFlares":true,"showImageEffects":true,"showParticleSystems":true},"in2DMode":false,"pivot":{"x":-0.1774299144744873,"y":-0.4221423864364624,"z":0.17198538780212403},"rotation":{"x":-0.1806352436542511,"y":0.7808646559715271,"z":-0.26251062750816347,"w":-0.537318766117096},"size":2.313002586364746,"orthographic":false}