{"cameraMode":{"drawMode":0,"name":"Shaded","section":"Shading Mode"},"sceneLighting":true,"audioPlay":false,"sceneViewState":{"showFog":true,"showMaterialUpdate":false,"showSkybox":false,"showFlares":true,"showImageEffects":true,"showParticleSystems":true},"in2DMode":false,"pivot":{"x":-11.47694206237793,"y":3.955354690551758,"z":0.7807083129882813},"rotation":{"x":0.4812048375606537,"y":0.17138762772083283,"z":-0.09654337912797928,"w":0.8542532920837402},"size":6.766384124755859,"orthographic":false}