{"cameraMode":{"drawMode":0,"name":"Shaded","section":"Shading Mode"},"sceneLighting":false,"audioPlay":false,"sceneViewState":{"showFog":true,"showMaterialUpdate":false,"showSkybox":false,"showFlares":true,"showImageEffects":true,"showParticleSystems":true},"in2DMode":false,"pivot":{"x":-3.5528526306152345,"y":-2.4408016204833986,"z":8.565242767333985},"rotation":{"x":0.091595359146595,"y":-0.8865270018577576,"z":0.40744680166244509,"w":0.19927272200584413},"size":7.409107208251953,"orthographic":false}