{"cameraMode":{"drawMode":0,"name":"Shaded","section":"Shading Mode"},"sceneLighting":true,"audioPlay":false,"sceneViewState":{"showFog":true,"showMaterialUpdate":false,"showSkybox":false,"showFlares":true,"showImageEffects":true,"showParticleSystems":true},"in2DMode":false,"pivot":{"x":8.313501358032227,"y":8.102151870727539,"z":2.1084022521972658},"rotation":{"x":0.4470736086368561,"y":0.005366925615817308,"z":-0.0026824739761650564,"w":0.8944770097732544},"size":19.299163818359376,"orthographic":false}