{"cameraMode":{"drawMode":0,"name":"Shaded","section":"Shading Mode"},"sceneLighting":false,"audioPlay":false,"sceneViewState":{"showFog":true,"showMaterialUpdate":false,"showSkybox":false,"showFlares":true,"showImageEffects":true,"showParticleSystems":true},"in2DMode":false,"pivot":{"x":-0.1300000548362732,"y":0.9900000095367432,"z":2.7400002479553224},"rotation":{"x":0.21953228116035462,"y":0.14341115951538087,"z":-0.03271491080522537,"w":0.9644996523857117},"size":3.6373064517974855,"orthographic":false}