{"cameraMode":{"drawMode":0,"name":"Shaded","section":"Shading Mode"},"sceneLighting":true,"audioPlay":false,"sceneViewState":{"showFog":true,"showMaterialUpdate":false,"showSkybox":false,"showFlares":true,"showImageEffects":true,"showParticleSystems":true},"in2DMode":false,"pivot":{"x":12.966421127319336,"y":26.35839080810547,"z":14.378222465515137},"rotation":{"x":0.05929161235690117,"y":-0.8724215030670166,"z":0.4726487994194031,"w":0.10944298654794693},"size":14.08403205871582,"orthographic":false}