{"cameraMode":{"drawMode":0,"name":"Shaded","section":"Shading Mode"},"sceneLighting":false,"audioPlay":false,"sceneViewState":{"showFog":true,"showMaterialUpdate":false,"showSkybox":false,"showFlares":true,"showImageEffects":true,"showParticleSystems":true},"in2DMode":false,"pivot":{"x":-8.999090194702149,"y":7.797661781311035,"z":-0.6702181100845337},"rotation":{"x":-0.31908780336380007,"y":-0.6761255860328674,"z":0.4180831015110016,"w":-0.516011118888855},"size":3.526175022125244,"orthographic":false}