{"cameraMode":{"drawMode":0,"name":"Shaded","section":"Shading Mode"},"sceneLighting":true,"audioPlay":false,"sceneViewState":{"showFog":true,"showMaterialUpdate":false,"showSkybox":false,"showFlares":true,"showImageEffects":true,"showParticleSystems":true},"in2DMode":false,"pivot":{"x":-14.88731861114502,"y":7.170884132385254,"z":-27.955379486083986},"rotation":{"x":0.0690210610628128,"y":-0.8795228004455566,"z":0.45120224356651308,"w":0.13454239070415498},"size":18.250980377197267,"orthographic":false}