{"cameraMode":{"drawMode":0,"name":"Shaded","section":"Shading Mode"},"sceneLighting":false,"audioPlay":false,"sceneViewState":{"showFog":true,"showMaterialUpdate":false,"showSkybox":false,"showFlares":true,"showImageEffects":true,"showParticleSystems":true},"in2DMode":false,"pivot":{"x":-2.44999623298645,"y":1.4470000267028809,"z":2.840003490447998},"rotation":{"x":-0.2397768795490265,"y":-0.7126966118812561,"z":0.28822848200798037,"w":-0.5928949117660523},"size":1.8664029836654664,"orthographic":false}