{"cameraMode":{"drawMode":0,"name":"Shaded","section":"Shading Mode"},"sceneLighting":false,"audioPlay":false,"sceneViewState":{"showFog":true,"showMaterialUpdate":false,"showSkybox":false,"showFlares":true,"showImageEffects":true,"showParticleSystems":true},"in2DMode":false,"pivot":{"x":0.9196488857269287,"y":2.8534250259399416,"z":9.038650512695313},"rotation":{"x":-0.02877112478017807,"y":0.9708638191223145,"z":-0.18149641156196595,"w":-0.15388785302639008},"size":4.207432746887207,"orthographic":false}