{"cameraMode":{"drawMode":0,"name":"Shaded","section":"Shading Mode"},"sceneLighting":true,"audioPlay":false,"sceneViewState":{"showFog":true,"showMaterialUpdate":false,"showSkybox":false,"showFlares":true,"showImageEffects":true,"showParticleSystems":true},"in2DMode":false,"pivot":{"x":-0.7986194491386414,"y":-11.856595993041993,"z":4.570479393005371},"rotation":{"x":-0.5220844149589539,"y":-0.0071658422239124779,"z":0.004390110727399588,"w":-0.8528609275817871},"size":17.603107452392579,"orthographic":false}